{"items":
	[
		{"key":"game_title","value":"MakeMyQuiz"},
		{"key":"welcome","value":"Bienvenue dans MakeMyQuiz \n Ce logiciel permet de creer son propre quiz en tout simplicite \n Pour commencer, appuyez sur le bouton fleche droite de votre clavier ou sur le bouton gauche de votre souris afin d'acceder au menu d'edition \n Amusez-vous bien, et que le fun soit avec vous !"},
		{"key":"menu_play","value":"Jouer"},
		{"key":"red_team","value":"L'equipe rouge"},
		{"key":"purple_team","value":"L'equipe violette"},
		{"key":"green_team","value":"L'equipe verte"},
		{"key":"orange_team","value":"L'equipe orange"},
		{"key":"cyan_team","value":"L'equipe cyan"},
		{"key":"pink_team","value":"L'equipe rose"},
		{"key":"yellow_team","value":"L'equipe jaune"},
		{"key":"blue_team","value":"L'equipe bleue"},
		{"key":"and","value":"et"},
		{"key":"oneteam_won","value":"detruit la competition et remporte la coupe !"},
		{"key":"draw","value":"finissent au coude à coude et joueront une manche supplementaire pour se departager !"},
		{"key":"menu_create","value":"Creer"},
		{"key":"menu_edit","value":"Editer"},
		{"key":"menu_quit","value":"Quitter"},
		{"key":"menu_remove","value":"Supprimer"},
		{"key":"menu_input","value":"Scene de test des touches"},
		{"key":"menu_validate","value":"Valider"},
		{"key":"menu_blindtest","value":"Edition des musiques"},
		{"key":"menu_images","value":"Edition des images"},
		{"key":"menu_questions","value":"Edition des questions"},
		{"key":"menu_rounds","value":"Edition des manches"},
		{"key":"menu_topics","value":"Edition des questionnaires"},
		{"key":"menu_backtopic","value":"Retour aux questionnaires"},
		{"key":"menu_backround","value":"Retour aux manches"},
		{"key":"menu_backmain","value":"Retour au menu principal"},
		{"key":"menu_addmusic","value":"Ajouter une musique"},
		{"key":"menu_addround","value":"Ajouter une manche"},
		{"key":"menu_addtopic","value":"Ajouter un questionnaire"},
		{"key":"menu_addimage","value":"Ajouter une image"},
		{"key":"menu_addquestion","value":" Ajouter une question"},
		{"key":"starting_time","value":"Le Quiz débutera dans :"},
		{"key":"write_time","value":"Écrivez le temps d'attente \n exemple : 15:00 \n et appuyez sur entrer"},
		{"key":"round_number","value":"Nombre de manches : "},
		{"key":"topic_number","value":"Nombre de questionnaires : "},
		{"key":"question_number","value":"Nombre de questions : "},
		{"key":"topic_name","value":"Nom du questionnaire - "},
		{"key":"blindtest_name","value":"Musique"},
		{"key":"MCQ_name","value":"QCM"},
		{"key":"correct_answer","value":"Bonne reponse"},
		{"key":"round_name","value":"Manche"},
		{"key":"enter_topicname","value":"Entrez le nom du theme :"},
		{"key":"enter_answertext","value":"Entrez la reponse : "},
		{"key":"import_music","value":"Importer musique"},
		{"key":"import_image","value":"Importer image"},
		{"key":"music_fadein","value":"Activer fondu en ouverture"},
		{"key":"music_starttime","value":"Choisir moment de depart"},
		{"key":"welcome_game","value":"Bienvenue au "},
		{"key":"music_display","value":"Musique n°"},
		{"key":"enter_questiontext","value":"Entrez la question : "}
	]
}