{"items":
	[
		{"key":"game_title","value":"MakeMyQuiz"},
		{"key":"welcome","value":" Welcome to MakeMyQuiz \n \n This software enables you to create your own quiz the easy way \n \n In order to start, press the right arrow key on your keyboard or the left mouse button to get to the edition menu \n \n Enjoy yourself, and may the fun be with you"},
		{"key":"menu_play","value":"Play"},
		{"key":"red_team","value":"The red team"},
		{"key":"purple_team","value":"The purple team"},
		{"key":"green_team","value":"The green team"},
		{"key":"orange_team","value":"The orange team"},
		{"key":"cyan_team","value":"The cyan team"},
		{"key":"pink_team","value":"The pink team"},
		{"key":"yellow_team","value":"The yellow team"},
		{"key":"blue_team","value":"The blue team"},
		{"key":"and","value":"and"},
		{"key":"oneteam_won","value":"destroyed their opponents and won the cup !"},
		{"key":"draw","value":"are fighting head to head and will play one last time to break the tie!"},
		{"key":"menu_create","value":"Create"},
		{"key":"menu_edit","value":"Edit"},
		{"key":"menu_quit","value":"Quit"},
		{"key":"menu_remove","value":"Delete"},
		{"key":"menu_input","value":"Scene Test Input"},
		{"key":"menu_validate","value":"Validate"},
		{"key":"menu_blindtest","value":"Music Editor"},
		{"key":"menu_images","value":"Images Editor"},
		{"key":"menu_questions","value":"Question Editor"},
		{"key":"menu_rounds","value":"Round Editor"},
		{"key":"menu_topics","value":"Topic Editor"},
		{"key":"menu_backtopic","value":"Return to topics"},
		{"key":"menu_backround","value":"Return to rounds"},
		{"key":"menu_backmain","value":"Main menu"},
		{"key":"menu_addmusic","value":"Add music"},
		{"key":"menu_addround","value":"Add round"},
		{"key":"menu_addtopic","value":"Add topic"},
		{"key":"menu_addimage","value":"Add image"},
		{"key":"menu_addquestion","value":"Add a question"},
		{"key":"starting_time","value":"Quiz starts in : "},
		{"key":"write_time","value":"Write waiting time \n example : 15:00 \n and press enter"},
		{"key":"round_number","value":"Number of rounds : "},
		{"key":"topic_number","value":"Number of topics : "},
		{"key":"question_number","value":"Number of questions : "},
		{"key":"topic_name","value":"Topic name"},
		{"key":"blindtest_name","value":"Blind test"},
		{"key":"MCQ_name","value":"MCQ"},
		{"key":"round_name","value":"Round"},
		{"key":"correct_answer","value":"Correct Answer"},
		{"key":"enter_topicname","value":"Write the topic name : "},
		{"key":"enter_answertext","value":"Write answer text : "},
		{"key":"import_music","value":"Import music "},
		{"key":"import_image","value":"Import image "},
		{"key":"music_fadein","value":"Activate fade in"},
		{"key":"music_starttime","value":"Select start time"},
		{"key":"welcome_game","value":"Welcome to the "},
		{"key":"music_display","value":"Music Track n°"},
		{"key":"enter_questiontext","value":"Write the question : "}
	]
}
